Name	title	coding
t3_qj2c2x	Bounce back after tough midtern	
t3_qjq8kl	SOEN 387 Midterm	
t3_qhi03j	Financial Aid	
t3_qjaheq	Burnt out / demotivated form online classes.	
t3_qhqbnp	Part time work- English	
t3_qh1ifw	Assunta Stefano????	
t3_qlvcl8	How is Nicolas Lepage-Saucier as a teacher?	
t3_ql7n1t	acco 230 midterm	
t3_qmm8cj	Math 204 Advice ?	
t3_qmavtc	Unable to DISC co-requisite course	
t3_qlcvar	btm 200 online	
t3_qm78z3	Winter 2022 Schedule Advice	
t3_qmnn6h	Hard course load for winter?	
t3_qjrnxg	Dorms in December	
t3_qh48lj	Looking to find a drummer to collaborate with.	
t3_qjz0pr	Learn to become bilingual on the job	
t3_qm3emw	Confusion Regarding Admission	
t3_qlk0x3	AERO 482 What is going on......	
t3_qkudla	Looking at applying for MFA (photography focused)	
t3_qky8gr	Disc a course.	
t3_qnb3i5	Is a tutor allowed to give a quiz after stating no quiz would be given?	
t3_qjeb8t	Got destroyed by Math 204 Midterm	
t3_qhyce2	Change concentration from Computer to Software Engineering	
t3_qhlctb	Course sequence (comp Eng)	
t3_qklu8l	Organic chemistry II with Marco Paladino	
t3_qlyd20	CAQ and Study Permit	
t3_qmry9i	Relevent post, this scammer is around Concordia (St. Catherines just west of rue Guy)	
t3_qj8ztn	R-score requirement, are they flexible?	
t3_qly38g	COURSE QUESTION	
t3_qlkt9z	STL (Laval Buses) Strike: November 3rd, 15th, 26th	
t3_qkiqvg	COMP 335 in Summer	
t3_qgx6qw	Study Material	
t3_qm1ai3	Discord link for SOEN	
t3_qhr9jw	What can I do. The midterm is prerequisite for Final	
t3_qhffb5	Quick Psych Seduction in the Eyes study/form for my class (2-3mins)!	
t3_qm1wq9	Wheelchair	
t3_qievls	Econ 318 or 319	
t3_ql2ywv	Does the FG building connect to the John Molson building?	
t3_qjsb8c	ID card exams	
t3_qipyay	poli 302	
t3_qjvf4q	How are these classes(COMP445/474)?	
t3_qjyu94	About to submit my application to Concordia!! I'm so excited	
t3_qhvkbh	Scholarships!!!	
t3_qjeaj2	Biol 354 - discord	
t3_qk6bgf	COMM 220 Midterm 1	
t3_qj2z69	Comm classes	
t3_qlh9o9	Is this... allowed ?	
t3_qh3gel	Bachelor's of science pre-requisite help	
t3_qk28ih	Any international students ever received Gardasil 9?	
t3_qiq3ae	Fully Online classes For CS student Winter 2022	
